{
  "mode": "baseline_sumo_native",
  "total_episodes": 10,
  "cumulative_rewards": [
    0.0,
    0.0,
    0.0,
    0.0,
    0.0,
    0.0,
    0.0,
    0.0,
    0.0,
    0.0
  ],
  "cumulative_waits": [
    316843.0,
    316314.0,
    295634.0,
    268457.0,
    312912.0,
    308303.0,
    320999.0,
    293900.0,
    305982.0,
    300949.0
  ],
  "avg_queues": [
    3.3694444444444445,
    3.3244444444444445,
    3.1622222222222223,
    3.015740740740741,
    3.308148148148148,
    3.281296296296296,
    3.3414814814814813,
    3.214074074074074,
    3.295185185185185,
    3.252037037037037
  ]
}