{
  "mode": "baseline_sumo_native",
  "total_episodes": 10,
  "cumulative_rewards": [
    -372.0,
    -698.0,
    0.0,
    -1229.0,
    0.0,
    -763.0,
    -506.0,
    -338.0,
    -443.0,
    -808.0
  ],
  "cumulative_waits": [
    76765491.0,
    73799453.0,
    76674694.0,
    75589149.0,
    71880318.0,
    76938782.0,
    77625472.0,
    74546495.0,
    78081581.0,
    73158635.0
  ],
  "avg_queues": [
    58.680925925925926,
    56.815925925925924,
    58.808703703703706,
    57.78092592592593,
    56.194074074074074,
    58.342962962962964,
    58.77481481481482,
    57.54814814814815,
    59.55425925925926,
    56.47240740740741
  ]
}